Epoch,Step,Total,CE,route
1,0,4.381231307983398,4.435230255126953,-0.05399913340806961
1,10,4.788580417633057,4.832446575164795,-0.043866392225027084
1,20,3.9740941524505615,4.042340278625488,-0.06824611872434616
1,30,3.748319625854492,3.824446678161621,-0.07612698525190353
1,40,3.5790421962738037,3.6765949726104736,-0.09755269438028336
2,0,3.6330459117889404,3.7220451831817627,-0.08899929374456406
2,10,3.550055503845215,3.6320641040802,-0.0820084810256958
2,20,3.6235620975494385,3.7143707275390625,-0.09080865234136581
2,30,3.4778635501861572,3.5810368061065674,-0.10317318886518478
2,40,3.467132091522217,3.5722124576568604,-0.10508044809103012
3,0,3.411674976348877,3.5184624195098877,-0.10678732395172119
3,10,3.3583481311798096,3.4582254886627197,-0.099877268075943
3,20,3.4979395866394043,3.6065001487731934,-0.10856061428785324
3,30,3.3877532482147217,3.4937751293182373,-0.1060219407081604
3,40,3.3267741203308105,3.4430246353149414,-0.11625058948993683
4,0,3.2328343391418457,3.3498406410217285,-0.11700620502233505
4,10,3.2149136066436768,3.335038185119629,-0.12012457102537155
4,20,3.065321922302246,3.2045748233795166,-0.1392529308795929
4,30,3.0477471351623535,3.185796022415161,-0.1380489021539688
4,40,3.0726263523101807,3.195056438446045,-0.12243002653121948
5,0,3.15384840965271,3.2803549766540527,-0.1265064775943756
5,10,3.2616677284240723,3.3755149841308594,-0.1138472929596901
5,20,3.0795748233795166,3.2044870853424072,-0.12491216510534286
5,30,3.101980209350586,3.2338316440582275,-0.13185131549835205
5,40,2.998044967651367,3.1231424808502197,-0.12509749829769135
6,0,2.9755139350891113,3.111081600189209,-0.13556762039661407
6,10,2.944194793701172,3.0967469215393066,-0.15255211293697357
6,20,3.0444462299346924,3.181199073791504,-0.13675276935100555
6,30,2.8840279579162598,3.0316293239593506,-0.1476014256477356
6,40,2.9429397583007812,3.091228723526001,-0.14828889071941376
7,0,2.9709272384643555,3.1182055473327637,-0.14727826416492462
7,10,2.7332828044891357,2.889616012573242,-0.15633322298526764
7,20,2.944535493850708,3.0888400077819824,-0.14430461823940277
7,30,2.8265063762664795,2.9863855838775635,-0.15987925231456757
7,40,2.875948429107666,3.030963897705078,-0.15501542389392853
8,0,2.6231658458709717,2.7885749340057373,-0.16540904343128204
8,10,2.5261783599853516,2.6910054683685303,-0.16482709348201752
8,20,2.6854944229125977,2.8358583450317383,-0.15036402642726898
8,30,2.6453099250793457,2.8020148277282715,-0.15670490264892578
8,40,2.4701614379882812,2.642209529876709,-0.17204821109771729
9,0,2.496410369873047,2.6603667736053467,-0.16395632922649384
9,10,2.3314661979675293,2.5061795711517334,-0.17471347749233246
9,20,2.5841894149780273,2.751295566558838,-0.16710613667964935
9,30,2.675565481185913,2.849567413330078,-0.17400197684764862
9,40,2.4543282985687256,2.632284641265869,-0.17795631289482117
10,0,2.5076723098754883,2.678143262863159,-0.17047107219696045
10,10,2.4903481006622314,2.6619369983673096,-0.17158885300159454
10,20,2.2664127349853516,2.4527499675750732,-0.18633727729320526
10,30,2.444143295288086,2.6109468936920166,-0.16680361330509186
10,40,2.490366220474243,2.6714258193969727,-0.18105967342853546
11,0,2.2284035682678223,2.413189649581909,-0.18478618562221527
11,10,2.4893059730529785,2.6574039459228516,-0.16809803247451782
11,20,2.44033145904541,2.626923084259033,-0.18659162521362305
11,30,2.272832155227661,2.4616189002990723,-0.1887868046760559
11,40,2.1434009075164795,2.3266305923461914,-0.1832297146320343
12,0,2.2545671463012695,2.459104061126709,-0.20453687012195587
12,10,2.3127219676971436,2.5084145069122314,-0.19569259881973267
12,20,2.0878968238830566,2.2808711528778076,-0.1929742395877838
12,30,2.205052614212036,2.3906943798065186,-0.18564166128635406
12,40,2.0871734619140625,2.276540756225586,-0.18936720490455627
13,0,2.272294282913208,2.466769218444824,-0.1944749504327774
13,10,2.112985134124756,2.301100730895996,-0.18811555206775665
13,20,2.226531982421875,2.4225025177001953,-0.19597052037715912
13,30,2.3053805828094482,2.5053367614746094,-0.19995608925819397
13,40,2.1120898723602295,2.3017055988311768,-0.18961575627326965
14,0,2.023955821990967,2.2325940132141113,-0.20863814651966095
14,10,1.9339627027511597,2.1379950046539307,-0.204032301902771
14,20,2.1324350833892822,2.344869375228882,-0.21243436634540558
14,30,2.002915382385254,2.19657039642334,-0.19365499913692474
14,40,2.052051544189453,2.258183240890503,-0.20613160729408264
15,0,1.9249337911605835,2.132763147354126,-0.20782938599586487
15,10,1.9145276546478271,2.1131768226623535,-0.19864921271800995
15,20,1.8272395133972168,2.0558483600616455,-0.2286088466644287
15,30,1.7218717336654663,1.9373308420181274,-0.21545906364917755
15,40,1.8816072940826416,2.1058859825134277,-0.22427868843078613
16,0,1.7748851776123047,1.998658537864685,-0.22377336025238037
16,10,1.733297348022461,1.9654638767242432,-0.2321665734052658
16,20,1.723102331161499,1.9514195919036865,-0.2283172905445099
16,30,2.027304172515869,2.2195682525634766,-0.19226419925689697
16,40,1.580230712890625,1.7982466220855713,-0.2180159091949463
17,0,1.6946594715118408,1.9159674644470215,-0.22130803763866425
17,10,1.6134939193725586,1.8351819515228271,-0.22168807685375214
17,20,1.6694297790527344,1.8979156017303467,-0.22848577797412872
17,30,1.7068322896957397,1.9293636083602905,-0.22253131866455078
17,40,1.563517451286316,1.7884581089019775,-0.2249407023191452
18,0,1.5015078783035278,1.739554762840271,-0.23804692924022675
18,10,1.7639973163604736,1.986793041229248,-0.2227957546710968
18,20,1.609322428703308,1.8304191827774048,-0.22109678387641907
18,30,1.5678619146347046,1.8148528337478638,-0.24699091911315918
18,40,1.7339074611663818,1.9508424997329712,-0.21693503856658936
19,0,1.6293725967407227,1.8610217571258545,-0.23164914548397064
19,10,1.5645725727081299,1.7971946001052856,-0.23262198269367218
19,20,1.7241158485412598,1.9694453477859497,-0.24532945454120636
19,30,1.6747409105300903,1.9114885330200195,-0.2367476224899292
19,40,1.6148607730865479,1.843702793121338,-0.22884202003479004
20,0,1.463718295097351,1.724232792854309,-0.260514497756958
20,10,1.6354185342788696,1.8724117279052734,-0.23699317872524261
20,20,1.3895561695098877,1.6354318857192993,-0.24587567150592804
20,30,1.502670168876648,1.7374765872955322,-0.23480640351772308
20,40,1.625436782836914,1.8464386463165283,-0.22100181877613068
21,0,1.432688593864441,1.6843440532684326,-0.2516554296016693
21,10,1.6109949350357056,1.8483158349990845,-0.23732085525989532
21,20,1.4277209043502808,1.686029314994812,-0.25830841064453125
21,30,1.4427506923675537,1.6846624612808228,-0.24191181361675262
21,40,1.4337682723999023,1.670704960823059,-0.23693671822547913
22,0,1.2271487712860107,1.500800371170044,-0.2736515402793884
22,10,1.38407564163208,1.6448001861572266,-0.2607245445251465
22,20,1.5512257814407349,1.7910338640213013,-0.2398081123828888
22,30,1.1049611568450928,1.3700015544891357,-0.26504039764404297
22,40,1.317082405090332,1.562512755393982,-0.2454303354024887
23,0,1.066587209701538,1.338667869567871,-0.2720807194709778
23,10,1.3683738708496094,1.6276153326034546,-0.2592414915561676
23,20,1.4226900339126587,1.6876986026763916,-0.2650085389614105
23,30,1.4923386573791504,1.7258127927780151,-0.23347418010234833
23,40,1.516784429550171,1.7481437921524048,-0.23135939240455627
24,0,1.3088124990463257,1.5712885856628418,-0.2624760568141937
24,10,1.5345396995544434,1.778301477432251,-0.24376176297664642
24,20,1.2137818336486816,1.4784748554229736,-0.2646929919719696
24,30,1.1440895795822144,1.3929330110549927,-0.24884338676929474
24,40,1.3162895441055298,1.5619220733642578,-0.24563255906105042
25,0,1.2311346530914307,1.496512770652771,-0.26537808775901794
25,10,1.3515753746032715,1.5929733514785767,-0.24139800667762756
25,20,1.148364782333374,1.4095672369003296,-0.2612023949623108
25,30,1.1796157360076904,1.4379842281341553,-0.25836846232414246
25,40,1.4955658912658691,1.749120831489563,-0.2535548806190491
26,0,1.2646782398223877,1.5419176816940308,-0.27723950147628784
26,10,1.2062289714813232,1.4558601379394531,-0.2496311515569687
26,20,1.2069625854492188,1.4716302156448364,-0.2646676003932953
26,30,1.2187252044677734,1.4803658723831177,-0.2616406977176666
26,40,1.300735354423523,1.5385470390319824,-0.23781171441078186
27,0,1.1958532333374023,1.460327386856079,-0.264474093914032
27,10,1.0007829666137695,1.2772358655929565,-0.27645283937454224
27,20,1.2934120893478394,1.5422533750534058,-0.2488412857055664
27,30,1.2708481550216675,1.5273857116699219,-0.256537526845932
27,40,1.2926056385040283,1.5536984205245972,-0.26109275221824646
28,0,1.064458966255188,1.3368849754333496,-0.272426038980484
28,10,1.0815068483352661,1.3392753601074219,-0.25776854157447815
28,20,1.0522782802581787,1.3342300653457642,-0.28195178508758545
28,30,1.203068733215332,1.4652245044708252,-0.2621557414531708
28,40,1.0524228811264038,1.3248058557510376,-0.2723829448223114
29,0,0.9076536893844604,1.1950935125350952,-0.28743982315063477
29,10,1.0086710453033447,1.291663646697998,-0.2829926013946533
29,20,0.9316774606704712,1.2205853462219238,-0.28890785574913025
29,30,1.151193380355835,1.4341596364974976,-0.2829662561416626
29,40,1.2982323169708252,1.547631025314331,-0.24939875304698944
30,0,0.890650749206543,1.177703857421875,-0.28705310821533203
30,10,0.9087738990783691,1.1865978240966797,-0.27782389521598816
30,20,1.2435609102249146,1.4923499822616577,-0.24878905713558197
30,30,1.147557020187378,1.4078960418701172,-0.26033905148506165
30,40,1.251380443572998,1.5020661354064941,-0.2506856322288513
31,0,0.9618498682975769,1.24185049533844,-0.28000062704086304
31,10,1.0060120820999146,1.2864784002304077,-0.28046634793281555
31,20,0.9759094715118408,1.2450920343399048,-0.26918256282806396
31,30,0.9522397518157959,1.2285208702087402,-0.27628108859062195
31,40,1.0675716400146484,1.3269460201263428,-0.25937435030937195
32,0,0.9983228445053101,1.2687829732894897,-0.2704600989818573
32,10,0.8502068519592285,1.1271039247512817,-0.2768970727920532
32,20,1.1201249361038208,1.3954977989196777,-0.27537286281585693
32,30,1.0405933856964111,1.3154703378677368,-0.27487698197364807
32,40,0.9279571771621704,1.21181321144104,-0.28385600447654724
33,0,0.9944776296615601,1.2692159414291382,-0.2747383117675781
33,10,0.9027862548828125,1.1895605325698853,-0.28677424788475037
33,20,1.158019781112671,1.4322710037231445,-0.2742512822151184
33,30,1.1215120553970337,1.3894110918045044,-0.2678990662097931
33,40,0.9613537788391113,1.2415627241134644,-0.2802089750766754
34,0,0.8574029207229614,1.1329890489578247,-0.2755860984325409
34,10,0.8480349183082581,1.139380931854248,-0.29134601354599
34,20,1.1376060247421265,1.3997763395309448,-0.26217028498649597
34,30,1.085745930671692,1.3386112451553345,-0.2528652846813202
34,40,0.9341415166854858,1.1909862756729126,-0.25684472918510437
35,0,0.7995529770851135,1.0889135599136353,-0.28936058282852173
35,10,0.7700893878936768,1.0654847621917725,-0.2953953444957733
35,20,0.8750177621841431,1.1635980606079102,-0.2885802686214447
35,30,0.8769280910491943,1.148099422454834,-0.27117136120796204
35,40,1.102548599243164,1.384194016456604,-0.28164535760879517
36,0,0.8045663833618164,1.091142177581787,-0.2865758240222931
36,10,0.8267403244972229,1.131434440612793,-0.30469411611557007
36,20,1.0044795274734497,1.2797675132751465,-0.2752879559993744
36,30,0.8128635287284851,1.1016349792480469,-0.28877145051956177
36,40,1.004677414894104,1.275469183921814,-0.27079176902770996
37,0,0.9413327574729919,1.2334785461425781,-0.2921457886695862
37,10,1.0097122192382812,1.2803990840911865,-0.27068692445755005
37,20,1.0087581872940063,1.2992656230926514,-0.29050740599632263
37,30,1.0188379287719727,1.2964463233947754,-0.27760836482048035
37,40,0.9154956936836243,1.181583046913147,-0.2660873532295227
38,0,0.7450486421585083,1.0462411642074585,-0.3011924922466278
38,10,0.7430504560470581,1.0489633083343506,-0.30591288208961487
38,20,0.8505750298500061,1.119441032409668,-0.26886600255966187
38,30,0.7871675491333008,1.0568681955337524,-0.26970067620277405
38,40,0.9758579730987549,1.2475783824920654,-0.27172037959098816
39,0,0.7676970958709717,1.0611283779144287,-0.2934313118457794
39,10,0.831817626953125,1.116350531578064,-0.2845328748226166
39,20,0.9365488290786743,1.236314296722412,-0.2997654974460602
39,30,0.7700758576393127,1.060711145401001,-0.29063528776168823
39,40,0.992511510848999,1.275262475013733,-0.2827509343624115
40,0,0.8435488343238831,1.1287325620651245,-0.28518372774124146
40,10,0.7319735884666443,1.0264334678649902,-0.29445987939834595
40,20,0.8373398184776306,1.1167724132537842,-0.27943259477615356
40,30,0.751306414604187,1.029232144355774,-0.2779256999492645
40,40,0.9319647550582886,1.201194405555725,-0.2692296504974365
41,0,0.5656832456588745,0.8763282299041748,-0.3106450140476227
41,10,0.8017890453338623,1.0780450105667114,-0.27625593543052673
41,20,0.9089582562446594,1.2019869089126587,-0.29302865266799927
41,30,1.0230090618133545,1.3018834590911865,-0.2788744270801544
41,40,1.107363224029541,1.384650468826294,-0.27728721499443054
42,0,0.779184103012085,1.0598995685577393,-0.2807154357433319
42,10,0.8452032804489136,1.1467267274856567,-0.30152344703674316
42,20,0.7718844413757324,1.0748547315597534,-0.3029702603816986
42,30,0.8361867666244507,1.1188619136810303,-0.282675176858902
42,40,0.8379746675491333,1.147018551826477,-0.30904385447502136
43,0,0.670268177986145,0.9805904030799866,-0.31032225489616394
43,10,0.6664502620697021,0.9716753363609314,-0.30522504448890686
43,20,0.856843113899231,1.1423009634017944,-0.2854578495025635
43,30,0.8518373966217041,1.1202123165130615,-0.26837489008903503
43,40,0.8776415586471558,1.1722474098205566,-0.2946058213710785
44,0,0.6973156929016113,0.9918960332870483,-0.2945803701877594
44,10,0.7707369923591614,1.070913314819336,-0.30017632246017456
44,20,0.6497647762298584,0.9468896389007568,-0.29712483286857605
44,30,0.727982223033905,1.0235083103179932,-0.29552608728408813
44,40,0.8293477296829224,1.1236698627471924,-0.2943221628665924
45,0,0.5879670977592468,0.890746533870697,-0.3027794361114502
45,10,0.8285439610481262,1.1160672903060913,-0.2875233292579651
45,20,0.6975982189178467,0.9886411428451538,-0.29104289412498474
45,30,1.000320315361023,1.2716991901397705,-0.27137884497642517
45,40,0.9677325487136841,1.2547049522399902,-0.28697240352630615
46,0,0.6137630939483643,0.9174612164497375,-0.3036981523036957
46,10,0.7482281923294067,1.0344789028167725,-0.28625068068504333
46,20,0.6552294492721558,0.9552754163742065,-0.3000459372997284
46,30,0.769189178943634,1.0632731914520264,-0.29408401250839233
46,40,0.849518895149231,1.138756513595581,-0.2892375886440277
47,0,0.6750984191894531,0.9734203219413757,-0.298321932554245
47,10,0.7701603174209595,1.069591760635376,-0.2994314730167389
47,20,0.7731391191482544,1.0551759004592896,-0.28203675150871277
47,30,0.7459033131599426,1.0299640893936157,-0.2840607762336731
47,40,0.7020264863967896,0.9917064309120178,-0.28967994451522827
48,0,0.5596631765365601,0.8777698874473572,-0.3181067407131195
48,10,0.7042619585990906,0.9946812987327576,-0.290419340133667
48,20,0.7531723976135254,1.0494773387908936,-0.29630494117736816
48,30,0.5632802248001099,0.8655404448509216,-0.30226022005081177
48,40,0.6932157874107361,0.9868578314781189,-0.2936420440673828
49,0,0.6208897829055786,0.9100522398948669,-0.28916245698928833
49,10,0.6708253622055054,0.9689138531684875,-0.29808852076530457
49,20,0.609729528427124,0.9129809737205505,-0.3032514154911041
49,30,0.614657998085022,0.9141433238983154,-0.29948529601097107
49,40,0.7063730955123901,0.9983773827552795,-0.292004257440567
50,0,0.5177891254425049,0.8007913827896118,-0.28300222754478455
50,10,0.6740552186965942,0.9823213815689087,-0.30826616287231445
50,20,0.6652476787567139,0.9636378884315491,-0.2983902096748352
50,30,0.6899290084838867,0.9780598282814026,-0.28813084959983826
50,40,0.7599444389343262,1.05702805519104,-0.2970835864543915
51,0,0.6086910963058472,0.9195659160614014,-0.3108748495578766
51,10,0.621288001537323,0.9217478632926941,-0.3004598617553711
51,20,0.7694976329803467,1.0616947412490845,-0.2921970784664154
51,30,0.6526613831520081,0.9657695889472961,-0.3131082057952881
51,40,0.6684313416481018,0.9412715435028076,-0.2728402018547058
52,0,0.5822120904922485,0.8903828859329224,-0.30817079544067383
52,10,0.6569548845291138,0.9548250436782837,-0.2978701889514923
52,20,0.5870261192321777,0.8874330520629883,-0.30040693283081055
52,30,0.714133620262146,1.001928687095642,-0.2877950966358185
52,40,0.6407908201217651,0.9269982576370239,-0.2862074077129364
53,0,0.5303703546524048,0.8490054607391357,-0.31863513588905334
53,10,0.6041779518127441,0.8928788304328918,-0.2887008786201477
53,20,0.6246998906135559,0.933078408241272,-0.30837851762771606
53,30,0.6948570013046265,0.9837124347686768,-0.2888554334640503
53,40,0.6349354982376099,0.9436658024787903,-0.3087303340435028
54,0,0.39323365688323975,0.718354344367981,-0.3251206874847412
54,10,0.5549193620681763,0.864208459854126,-0.3092890679836273
54,20,0.5238023400306702,0.8264874815940857,-0.3026851415634155
54,30,0.6220095753669739,0.9305127859115601,-0.3085032105445862
54,40,0.5562597513198853,0.857271671295166,-0.3010118901729584
55,0,0.5124716758728027,0.8318018913269043,-0.3193301856517792
55,10,0.5070382356643677,0.8294637203216553,-0.32242551445961
55,20,0.6233005523681641,0.9414294958114624,-0.3181289732456207
55,30,0.5233197212219238,0.8325004577636719,-0.30918070673942566
55,40,0.5696280598640442,0.8957809209823608,-0.32615286111831665
56,0,0.44929254055023193,0.7687401175498962,-0.3194475769996643
56,10,0.6223326921463013,0.9298794865608215,-0.30754682421684265
56,20,0.6784837245941162,0.969486653804779,-0.29100295901298523
56,30,0.680878758430481,0.9701431393623352,-0.28926441073417664
56,40,0.5013370513916016,0.8203182816505432,-0.31898126006126404
57,0,0.5568927526473999,0.8591907620429993,-0.302297979593277
57,10,0.48808473348617554,0.80576491355896,-0.3176801800727844
57,20,0.6063201427459717,0.9203241467475891,-0.3140040338039398
57,30,0.41101551055908203,0.7218106985092163,-0.3107951879501343
57,40,0.515231728553772,0.8176473379135132,-0.3024156093597412
58,0,0.5860191583633423,0.8958458304405212,-0.30982670187950134
58,10,0.47275838255882263,0.779647171497345,-0.30688878893852234
58,20,0.6150130033493042,0.933121919631958,-0.3181089460849762
58,30,0.4879966080188751,0.798390805721283,-0.31039419770240784
58,40,0.599285364151001,0.9006618857383728,-0.3013765513896942
59,0,0.3596356213092804,0.6790670156478882,-0.3194313943386078
59,10,0.45644235610961914,0.7573401927947998,-0.30089783668518066
59,20,0.5568140745162964,0.8590697050094604,-0.3022556006908417
59,30,0.48845142126083374,0.8041123747825623,-0.3156609535217285
59,40,0.48102864623069763,0.7848044037818909,-0.30377575755119324
60,0,0.4045169949531555,0.7232106924057007,-0.31869369745254517
60,10,0.5762472152709961,0.8863227367401123,-0.3100754916667938
60,20,0.42347604036331177,0.7453429698944092,-0.3218669295310974
60,30,0.6702379584312439,0.9951274991035461,-0.32488954067230225
60,40,0.534633219242096,0.8479545712471008,-0.3133213520050049
61,0,0.3996289074420929,0.7204728126525879,-0.320843905210495
61,10,0.5529088973999023,0.8714078664779663,-0.31849896907806396
61,20,0.4657323956489563,0.7762565016746521,-0.3105241060256958
61,30,0.4429897367954254,0.752936840057373,-0.30994710326194763
61,40,0.5739309787750244,0.8742375373840332,-0.3003065288066864
62,0,0.5373658537864685,0.8595719933509827,-0.32220613956451416
62,10,0.4029753506183624,0.725898027420044,-0.3229226768016815
62,20,0.44461479783058167,0.7665793299674988,-0.3219645321369171
62,30,0.47614529728889465,0.7772573232650757,-0.30111202597618103
62,40,0.569047749042511,0.8804429173469543,-0.31139516830444336
63,0,0.3956756889820099,0.7246302962303162,-0.3289546072483063
63,10,0.36138486862182617,0.6918758749961853,-0.33049100637435913
63,20,0.47340336441993713,0.7919098138809204,-0.3185064494609833
63,30,0.5250554084777832,0.830291211605072,-0.30523577332496643
63,40,0.6023757457733154,0.89323890209198,-0.29086318612098694
64,0,0.41727903485298157,0.7309992909431458,-0.3137202560901642
64,10,0.6168920397758484,0.9132756590843201,-0.2963836193084717
64,20,0.6453804969787598,0.941264271736145,-0.29588380455970764
64,30,0.5445277690887451,0.8384183049201965,-0.2938905358314514
64,40,0.49931275844573975,0.7750301361083984,-0.2757173776626587
65,0,0.370861679315567,0.6843794584274292,-0.3135177791118622
65,10,0.3469409644603729,0.6619695425033569,-0.315028578042984
65,20,0.4057173728942871,0.7293675541877747,-0.32365018129348755
65,30,0.485051691532135,0.7922898530960083,-0.3072381615638733
65,40,0.5152597427368164,0.8287734985351562,-0.31351372599601746
66,0,0.5416688919067383,0.8642939329147339,-0.3226250112056732
66,10,0.4329110085964203,0.7573943734169006,-0.32448336482048035
66,20,0.4047711193561554,0.7160375118255615,-0.31126639246940613
66,30,0.7090831995010376,0.9890126585960388,-0.2799294590950012
66,40,0.511734664440155,0.8106640577316284,-0.2989293932914734
67,0,0.4521823227405548,0.7626490592956543,-0.3104667365550995
67,10,0.5646167993545532,0.8634737133979797,-0.2988569438457489
67,20,0.33674943447113037,0.652550220489502,-0.3158007860183716
67,30,0.3947831392288208,0.7247928977012634,-0.3300097584724426
67,40,0.5393171310424805,0.8415723443031311,-0.30225518345832825
68,0,0.41514936089515686,0.7379836440086365,-0.3228342831134796
68,10,0.5498062372207642,0.8477849960327148,-0.2979787290096283
68,20,0.5287125110626221,0.8316739201545715,-0.3029613792896271
68,30,0.5627619624137878,0.8674384951591492,-0.30467653274536133
68,40,0.4798811376094818,0.8022661209106445,-0.3223849833011627
69,0,0.3712286651134491,0.6829994320869446,-0.3117707669734955
69,10,0.3279865086078644,0.6598342657089233,-0.33184775710105896
69,20,0.36875423789024353,0.6963008046150208,-0.3275465667247772
69,30,0.44445276260375977,0.7568020820617676,-0.3123493194580078
69,40,0.4927670657634735,0.7961448431015015,-0.30337777733802795
70,0,0.4286464750766754,0.7548726201057434,-0.326226145029068
70,10,0.4321236312389374,0.7474228143692017,-0.3152991831302643
70,20,0.2987930178642273,0.6285000443458557,-0.3297070264816284
70,30,0.3271119296550751,0.6695935130119324,-0.3424815833568573
70,40,0.49306178092956543,0.8131062984466553,-0.32004451751708984
71,0,0.3414781391620636,0.649036169052124,-0.3075580298900604
71,10,0.3363160192966461,0.6653454303741455,-0.3290294110774994
71,20,0.39602193236351013,0.7259732484817505,-0.32995131611824036
71,30,0.38854703307151794,0.6984677910804749,-0.3099207580089569
71,40,0.4429353177547455,0.7551169991493225,-0.312181681394577
72,0,0.3493770360946655,0.6738483309745789,-0.32447129487991333
72,10,0.4555695056915283,0.7576580047607422,-0.30208849906921387
72,20,0.3510994613170624,0.661102831363678,-0.3100033700466156
72,30,0.40204569697380066,0.7035550475120544,-0.3015093505382538
72,40,0.5170066952705383,0.8219409584999084,-0.3049342632293701
73,0,0.3436710238456726,0.6490578651428223,-0.30538684129714966
73,10,0.32833683490753174,0.6422003507614136,-0.31386351585388184
73,20,0.46228307485580444,0.7750840783119202,-0.3128010034561157
73,30,0.3642643690109253,0.6897598505020142,-0.32549548149108887
73,40,0.5069172382354736,0.8215863108634949,-0.31466910243034363
74,0,0.34151849150657654,0.6537991166114807,-0.3122806251049042
74,10,0.2646728754043579,0.592077374458313,-0.3274044990539551
74,20,0.40026238560676575,0.7153294086456299,-0.31506702303886414
74,30,0.44228076934814453,0.7622287273406982,-0.3199479579925537
74,40,0.45043766498565674,0.761088490486145,-0.3106508255004883
75,0,0.46063944697380066,0.798626184463501,-0.3379867374897003
75,10,0.42718052864074707,0.7220529913902283,-0.2948724627494812
75,20,0.5332889556884766,0.8273153305053711,-0.29402634501457214
75,30,0.36505526304244995,0.6859450340270996,-0.32088977098464966
75,40,0.5151981115341187,0.8296980261802673,-0.31449994444847107
76,0,0.2842238247394562,0.6099413633346558,-0.3257175385951996
76,10,0.41029635071754456,0.712279200553894,-0.3019828498363495
76,20,0.37660568952560425,0.6984142065048218,-0.32180851697921753
76,30,0.528652548789978,0.8415847420692444,-0.31293222308158875
76,40,0.48831114172935486,0.7972989082336426,-0.3089877665042877
77,0,0.378641813993454,0.7015899419784546,-0.3229481279850006
77,10,0.21400132775306702,0.5323189496994019,-0.31831762194633484
77,20,0.48291119933128357,0.7951745390892029,-0.3122633397579193
77,30,0.44158604741096497,0.7419041991233826,-0.3003181517124176
77,40,0.6896528005599976,0.9660124778747559,-0.2763596475124359
78,0,0.31274446845054626,0.6411733627319336,-0.32842889428138733
78,10,0.5091519355773926,0.8303077220916748,-0.3211558163166046
78,20,0.20427292585372925,0.5353344082832336,-0.3310614824295044
78,30,0.4515793025493622,0.7673436403274536,-0.31576433777809143
78,40,0.4706505537033081,0.7784284949302673,-0.30777794122695923
79,0,0.3048536479473114,0.6356808543205261,-0.3308272063732147
79,10,0.31533217430114746,0.6456592679023743,-0.3303270936012268
79,20,0.4448893964290619,0.7510455250740051,-0.30615612864494324
79,30,0.6756069660186768,0.98423171043396,-0.3086247444152832
79,40,0.5645225048065186,0.8729421496391296,-0.30841967463493347
80,0,0.3066534399986267,0.6438487768173218,-0.33719533681869507
80,10,0.27361640334129333,0.5962740778923035,-0.32265767455101013
80,20,0.49595674872398376,0.7998797297477722,-0.30392298102378845
80,30,0.2611577808856964,0.5814895629882812,-0.32033178210258484
80,40,0.4107185900211334,0.7242310047149658,-0.3135124146938324
81,0,0.2910919487476349,0.6192236542701721,-0.32813170552253723
81,10,0.31817707419395447,0.6440439224243164,-0.32586684823036194
81,20,0.490714430809021,0.7968193292617798,-0.3061048984527588
81,30,0.3869694173336029,0.6984934210777283,-0.31152400374412537
81,40,0.5837222337722778,0.8857000470161438,-0.30197784304618835
82,0,0.3157498240470886,0.6353937983512878,-0.3196439743041992
82,10,0.3226110637187958,0.6538413166999817,-0.3312302529811859
82,20,0.47658950090408325,0.7925868630409241,-0.3159973621368408
82,30,0.4646220803260803,0.7515758872032166,-0.28695380687713623
82,40,0.4319343864917755,0.7444514036178589,-0.3125170171260834
83,0,0.31780296564102173,0.6439734697341919,-0.32617050409317017
83,10,0.5030585527420044,0.8366091847419739,-0.33355066180229187
83,20,0.4998009502887726,0.811117947101593,-0.31131699681282043
83,30,0.4737868905067444,0.7779694199562073,-0.3041825294494629
83,40,0.43622028827667236,0.7295013666152954,-0.29328107833862305
84,0,0.09923204779624939,0.4536708891391754,-0.354438841342926
84,10,0.31707003712654114,0.630608081817627,-0.3135380446910858
84,20,0.28418898582458496,0.6006543636322021,-0.3164653778076172
84,30,0.32287755608558655,0.6402061581611633,-0.3173286020755768
84,40,0.2980249226093292,0.627697229385376,-0.32967230677604675
85,0,0.32666197419166565,0.6384705305099487,-0.3118085563182831
85,10,0.3183998167514801,0.6370054483413696,-0.3186056315898895
85,20,0.40605536103248596,0.7290464043617249,-0.3229910433292389
85,30,0.4162687659263611,0.7159090638160706,-0.2996402978897095
85,40,0.5988410711288452,0.9012378454208374,-0.3023968040943146
86,0,0.3294697105884552,0.6538616418838501,-0.3243919312953949
86,10,0.41374263167381287,0.733197033405304,-0.3194544017314911
86,20,0.24546805024147034,0.5577402114868164,-0.31227216124534607
86,30,0.43001556396484375,0.7588978409767151,-0.32888227701187134
86,40,0.3476712107658386,0.6527407169342041,-0.3050695061683655
87,0,0.2561664283275604,0.5723007321357727,-0.3161343038082123
87,10,0.46458959579467773,0.7555248737335205,-0.2909352779388428
87,20,0.3283868134021759,0.6285336017608643,-0.30014678835868835
87,30,0.37810268998146057,0.6943713426589966,-0.316268652677536
87,40,0.4526803493499756,0.7643004655838013,-0.3116201162338257
88,0,0.18930700421333313,0.5380666851997375,-0.3487596809864044
88,10,0.2602733075618744,0.5915583968162537,-0.3312850892543793
88,20,0.3321951925754547,0.637718677520752,-0.30552348494529724
88,30,0.3861818015575409,0.7174098491668701,-0.3312280476093292
88,40,0.4272661507129669,0.7453058958053589,-0.31803974509239197
89,0,0.3003055453300476,0.6136624813079834,-0.3133569359779358
89,10,0.2648954391479492,0.5982364416122437,-0.33334100246429443
89,20,0.21007168292999268,0.5356711745262146,-0.3255994915962219
89,30,0.32319268584251404,0.6329712867736816,-0.3097786009311676
89,40,0.5042819976806641,0.805565595626831,-0.3012835681438446
90,0,0.22412031888961792,0.5605055093765259,-0.33638519048690796
90,10,0.20026430487632751,0.541816771030426,-0.3415524661540985
90,20,0.34071800112724304,0.6652682423591614,-0.32455024123191833
90,30,0.24813809990882874,0.569172203540802,-0.32103410363197327
90,40,0.39775198698043823,0.6874630451202393,-0.289711058139801
91,0,0.1974371373653412,0.5371561050415039,-0.3397189676761627
91,10,0.2867787182331085,0.598723292350769,-0.3119445741176605
91,20,0.29136478900909424,0.6070539951324463,-0.31568920612335205
91,30,0.3517111539840698,0.6682328581809998,-0.31652170419692993
91,40,0.48099610209465027,0.7840840220451355,-0.30308791995048523
92,0,0.3639475107192993,0.6967447996139526,-0.3327972888946533
92,10,0.2863815128803253,0.6245447397232056,-0.33816322684288025
92,20,0.3101690113544464,0.6387776136398315,-0.32860860228538513
92,30,0.31648293137550354,0.6304690837860107,-0.3139861524105072
92,40,0.40930983424186707,0.7091416120529175,-0.2998317778110504
93,0,0.29299625754356384,0.6247034072875977,-0.3317071497440338
93,10,0.2308310568332672,0.547745943069458,-0.3169148862361908
93,20,0.18095144629478455,0.5277909636497498,-0.3468395173549652
93,30,0.16732433438301086,0.4950680732727051,-0.3277437388896942
93,40,0.2993166744709015,0.6171734929084778,-0.3178568184375763
94,0,0.2904175817966461,0.6262190937995911,-0.33580151200294495
94,10,0.29354992508888245,0.613966703414917,-0.32041677832603455
94,20,0.1633758842945099,0.49810051918029785,-0.33472463488578796
94,30,0.29376477003097534,0.5988538861274719,-0.3050891160964966
94,40,0.42947882413864136,0.7343207597732544,-0.30484193563461304
95,0,0.2527976930141449,0.5884379744529724,-0.3356402814388275
95,10,0.3111567795276642,0.6423133611679077,-0.33115658164024353
95,20,0.31414783000946045,0.6357792615890503,-0.32163143157958984
95,30,0.4159936010837555,0.7186760902404785,-0.302682489156723
95,40,0.38133254647254944,0.7033206820487976,-0.32198813557624817
96,0,0.24072036147117615,0.5692653059959412,-0.328544944524765
96,10,0.27376723289489746,0.605751633644104,-0.33198440074920654
96,20,0.24283799529075623,0.5686596035957336,-0.3258216083049774
96,30,0.1560032069683075,0.5041506886482239,-0.3481474816799164
96,40,0.2891552150249481,0.6237331032752991,-0.33457788825035095
97,0,0.19686272740364075,0.5321246385574341,-0.33526191115379333
97,10,0.23819705843925476,0.555953323841095,-0.3177562654018402
97,20,0.24556440114974976,0.5783352851867676,-0.3327708840370178
97,30,0.41262108087539673,0.7199727296829224,-0.30735164880752563
97,40,0.34106671810150146,0.6694778800010681,-0.32841116189956665
98,0,0.17123943567276,0.5101101398468018,-0.33887070417404175
98,10,0.244055837392807,0.5886218547821045,-0.3445660173892975
98,20,0.2502991855144501,0.589754581451416,-0.33945539593696594
98,30,0.4562367796897888,0.7559362649917603,-0.29969948530197144
98,40,0.49751752614974976,0.799674928188324,-0.3021574020385742
99,0,0.28496190905570984,0.6108469367027283,-0.32588502764701843
99,10,0.32219380140304565,0.6469937562942505,-0.32479995489120483
99,20,0.2650699019432068,0.5881515741348267,-0.3230816721916199
99,30,0.35743793845176697,0.6842011213302612,-0.32676318287849426
99,40,0.579405665397644,0.8674893975257874,-0.2880837619304657
100,0,0.26049578189849854,0.5785377025604248,-0.31804192066192627
100,10,0.4244857132434845,0.7185289859771729,-0.29404327273368835
100,20,0.2612402141094208,0.58791583776474,-0.3266756236553192
100,30,0.47157910466194153,0.7800695896148682,-0.30849048495292664
100,40,0.45383745431900024,0.772883951663971,-0.3190464973449707
101,0,0.2644117772579193,0.5990466475486755,-0.3346348702907562
101,10,0.3395755887031555,0.6663818955421448,-0.32680630683898926
101,20,0.16593295335769653,0.4914446175098419,-0.3255116641521454
101,30,0.27425962686538696,0.5907577872276306,-0.31649816036224365
101,40,0.295853853225708,0.6178025007247925,-0.3219486474990845
102,0,0.1938914954662323,0.5476687550544739,-0.3537772595882416
102,10,0.17786580324172974,0.5123265385627747,-0.3344607353210449
102,20,0.3949204087257385,0.7196224927902222,-0.32470208406448364
102,30,0.27122724056243896,0.6007213592529297,-0.3294941186904907
102,40,0.3359277546405792,0.6308790445327759,-0.29495128989219666
103,0,0.23032289743423462,0.5601735711097717,-0.3298506736755371
103,10,0.36286380887031555,0.6719329357147217,-0.30906912684440613
103,20,0.25179922580718994,0.5794726610183716,-0.32767343521118164
103,30,0.10948196053504944,0.445310115814209,-0.33582815527915955
103,40,0.5219720602035522,0.8238766193389893,-0.3019045889377594
104,0,0.20329275727272034,0.5434116125106812,-0.3401188552379608
104,10,0.35790306329727173,0.6837895512580872,-0.32588648796081543
104,20,0.29088741540908813,0.6127475500106812,-0.321860134601593
104,30,0.37261953949928284,0.6745704412460327,-0.3019509017467499
104,40,0.29555466771125793,0.6161847114562988,-0.3206300437450409
105,0,0.1824423372745514,0.5163557529449463,-0.3339134156703949
105,10,0.3627817630767822,0.6820399165153503,-0.3192581534385681
105,20,0.26187750697135925,0.5980433821678162,-0.3361658751964569
105,30,0.3331969082355499,0.642519474029541,-0.3093225657939911
105,40,0.35628315806388855,0.6790064573287964,-0.32272329926490784
106,0,0.16916143894195557,0.4981163740158081,-0.32895493507385254
106,10,0.2004483938217163,0.5347678065299988,-0.33431941270828247
106,20,0.3006604313850403,0.6228244304656982,-0.32216399908065796
106,30,0.305501252412796,0.6375709772109985,-0.3320697247982025
106,40,0.35918304324150085,0.6897647976875305,-0.33058175444602966
107,0,0.19980844855308533,0.5394268035888672,-0.33961835503578186
107,10,0.007611632347106934,0.3566032350063324,-0.34899160265922546
107,20,0.2373596727848053,0.5726850628852844,-0.3353253901004791
107,30,0.23827865719795227,0.5597903728485107,-0.32151171565055847
107,40,0.43549782037734985,0.7481659054756165,-0.3126680850982666
108,0,0.24136236310005188,0.5589666366577148,-0.31760427355766296
108,10,0.181380957365036,0.5164045095443726,-0.33502355217933655
108,20,0.38011398911476135,0.7075920104980469,-0.3274780213832855
108,30,0.34292301535606384,0.6643378734588623,-0.32141485810279846
108,40,0.37461498379707336,0.7079458832740784,-0.333330899477005
109,0,0.17249330878257751,0.517505943775177,-0.3450126349925995
109,10,0.2652866244316101,0.5937368273735046,-0.32845020294189453
109,20,0.2475108802318573,0.5749008059501648,-0.3273899257183075
109,30,0.3488493263721466,0.6717677116394043,-0.3229183852672577
109,40,0.4414590895175934,0.7390589714050293,-0.2975998818874359
110,0,0.18549156188964844,0.5275103449821472,-0.3420187830924988
110,10,0.28664448857307434,0.6215140223503113,-0.33486953377723694
110,20,0.35381263494491577,0.6694543957710266,-0.31564176082611084
110,30,0.3488381803035736,0.672352135181427,-0.3235139548778534
110,40,0.4385320544242859,0.7549927830696106,-0.3164607286453247
111,0,0.16441446542739868,0.4966262876987457,-0.33221182227134705
111,10,0.2521110475063324,0.5667464733123779,-0.31463542580604553
111,20,0.19779083132743835,0.5357486605644226,-0.33795782923698425
111,30,0.27342307567596436,0.6044322848320007,-0.3310092091560364
111,40,0.24185732007026672,0.5623188018798828,-0.3204614818096161
112,0,0.216587096452713,0.5404123067855835,-0.3238252103328705
112,10,0.15210971236228943,0.502432644367218,-0.3503229320049286
112,20,0.11951395869255066,0.4620227515697479,-0.34250879287719727
112,30,0.22576472163200378,0.558122456073761,-0.3323577344417572
112,40,0.397837370634079,0.7146057486534119,-0.3167683780193329
113,0,0.20025810599327087,0.5424839854240417,-0.3422258794307709
113,10,0.24568918347358704,0.5738116502761841,-0.32812246680259705
113,20,0.24505668878555298,0.5783302783966064,-0.33327358961105347
113,30,0.27840182185173035,0.6074337363243103,-0.32903191447257996
113,40,0.38088738918304443,0.7011617422103882,-0.32027435302734375
114,0,0.36107712984085083,0.6680943369865417,-0.3070172071456909
114,10,0.23029428720474243,0.5633258819580078,-0.3330315947532654
114,20,0.3952110707759857,0.7155733704566956,-0.32036229968070984
114,30,0.3341201841831207,0.6538089513778687,-0.3196887671947479
114,40,0.4567372500896454,0.7703827023506165,-0.31364545226097107
115,0,0.14572450518608093,0.47902190685272217,-0.33329740166664124
115,10,0.1594448983669281,0.49071717262268066,-0.33127227425575256
115,20,0.3690919876098633,0.6884387135505676,-0.31934672594070435
115,30,0.2602563500404358,0.5626150369644165,-0.3023586869239807
115,40,0.3226834833621979,0.6650797128677368,-0.34239622950553894
116,0,0.13806688785552979,0.46950170397758484,-0.33143481612205505
116,10,0.31749674677848816,0.6328031420707703,-0.3153063952922821
116,20,0.316550612449646,0.6502508521080017,-0.3337002396583557
116,30,0.26119258999824524,0.5891493558883667,-0.32795676589012146
116,40,0.29252952337265015,0.6220141649246216,-0.32948464155197144
117,0,0.14419615268707275,0.48211008310317993,-0.3379139304161072
117,10,0.22144505381584167,0.5590118765830994,-0.3375668227672577
117,20,0.16876301169395447,0.5042626857757568,-0.33549967408180237
117,30,0.2215791940689087,0.550308108329773,-0.32872891426086426
117,40,0.15001392364501953,0.501113772392273,-0.3510998487472534
118,0,0.22585266828536987,0.5597368478775024,-0.33388417959213257
118,10,0.20967617630958557,0.5437212586402893,-0.33404508233070374
118,20,0.14790982007980347,0.47533804178237915,-0.3274282217025757
118,30,0.27707281708717346,0.5851305723190308,-0.3080577552318573
118,40,0.2366090714931488,0.5650078058242798,-0.328398734331131
119,0,0.07141721248626709,0.3912373483181,-0.3198201358318329
119,10,0.22649496793746948,0.5534601211547852,-0.3269651532173157
119,20,0.24747249484062195,0.5815987586975098,-0.3341262638568878
119,30,0.28797122836112976,0.613016664981842,-0.3250454366207123
119,40,0.18786892294883728,0.505103588104248,-0.31723466515541077
120,0,0.2479102611541748,0.5678735971450806,-0.31996333599090576
120,10,0.13171261548995972,0.4556126594543457,-0.323900043964386
120,20,0.06052383780479431,0.41033056378364563,-0.3498067259788513
120,30,0.11140251159667969,0.44730788469314575,-0.33590537309646606
120,40,-0.03633871674537659,0.3256857991218567,-0.3620245158672333
121,0,0.03747686743736267,0.3814966678619385,-0.3440198004245758
121,10,-0.021515965461730957,0.327008455991745,-0.34852442145347595
121,20,0.03325721621513367,0.383061945438385,-0.34980472922325134
121,30,-0.056826263666152954,0.3068082928657532,-0.36363455653190613
121,40,-0.13260102272033691,0.2336297631263733,-0.3662307858467102
122,0,0.03699478507041931,0.3821304738521576,-0.3451356887817383
122,10,0.029835939407348633,0.3738667964935303,-0.34403085708618164
122,20,-0.031857192516326904,0.32573971152305603,-0.35759690403938293
122,30,-0.04489406943321228,0.3130049705505371,-0.3578990399837494
122,40,-0.05468335747718811,0.30723434686660767,-0.3619177043437958
123,0,-0.06313720345497131,0.29053109884262085,-0.35366830229759216
123,10,-0.05170634388923645,0.292792946100235,-0.34449928998947144
123,20,-0.13523510098457336,0.22242027521133423,-0.3576553761959076
123,30,-0.10361503064632416,0.24985666573047638,-0.35347169637680054
123,40,-0.13185690343379974,0.22433318197727203,-0.3561900854110718
124,0,-0.09438657760620117,0.26293203234672546,-0.35731860995292664
124,10,-0.1405327469110489,0.2268870323896408,-0.3674197793006897
124,20,-0.08608585596084595,0.2665361166000366,-0.35262197256088257
124,30,-0.1328153759241104,0.21686042845249176,-0.3496758043766022
124,40,-0.12416447699069977,0.24876053631305695,-0.3729250133037567
125,0,-0.12927454710006714,0.2399486005306244,-0.36922314763069153
125,10,-0.0781419575214386,0.2879740595817566,-0.3661160171031952
125,20,-0.12114231288433075,0.24494032561779022,-0.36608263850212097
125,30,-0.1189025342464447,0.24272790551185608,-0.3616304397583008
125,40,-0.11521653831005096,0.2429841011762619,-0.35820063948631287
126,0,-0.08697095513343811,0.266577810049057,-0.3535487651824951
126,10,-0.11254337430000305,0.24854782223701477,-0.3610911965370178
126,20,-0.18824636936187744,0.18994086980819702,-0.37818723917007446
126,30,-0.11098042130470276,0.24817311763763428,-0.35915353894233704
126,40,-0.16666024923324585,0.19438987970352173,-0.3610501289367676
127,0,-0.17542771995067596,0.2081689089536667,-0.38359662890434265
127,10,-0.21228520572185516,0.1557629257440567,-0.36804813146591187
127,20,-0.14065952599048615,0.22318492829799652,-0.36384445428848267
127,30,-0.14604251086711884,0.2280176728963852,-0.37406018376350403
127,40,-0.1388421505689621,0.22510294616222382,-0.3639450967311859
128,0,-0.15704375505447388,0.22637510299682617,-0.38341885805130005
128,10,-0.18954530358314514,0.17355090379714966,-0.3630962073802948
128,20,-0.14153961837291718,0.22068430483341217,-0.36222392320632935
128,30,-0.17661987245082855,0.19140936434268951,-0.36802923679351807
128,40,-0.18872177600860596,0.1884523332118988,-0.37717410922050476
129,0,-0.15334855020046234,0.21055887639522552,-0.36390742659568787
129,10,-0.15085269510746002,0.2153220921754837,-0.3661747872829437
129,20,-0.21242624521255493,0.16866269707679749,-0.3810889422893524
129,30,-0.19089213013648987,0.186687171459198,-0.37757930159568787
129,40,-0.15679049491882324,0.2249281108379364,-0.38171860575675964
130,0,-0.1605849713087082,0.1992378979921341,-0.3598228693008423
130,10,-0.18384698033332825,0.1841745674610138,-0.36802154779434204
130,20,-0.23549148440361023,0.139448881149292,-0.3749403655529022
130,30,-0.15257340669631958,0.2200218141078949,-0.3725952208042145
130,40,-0.20311227440834045,0.16788378357887268,-0.37099605798721313
131,0,-0.23316282033920288,0.14409735798835754,-0.3772601783275604
131,10,-0.2009991854429245,0.17292945086956024,-0.37392863631248474
131,20,-0.19975042343139648,0.162135511636734,-0.3618859350681305
131,30,-0.19337083399295807,0.18208931386470795,-0.375460147857666
131,40,-0.19714996218681335,0.16111549735069275,-0.3582654595375061
132,0,-0.18429484963417053,0.17938300967216492,-0.36367785930633545
132,10,-0.19164255261421204,0.17566406726837158,-0.3673066198825836
132,20,-0.1858671009540558,0.17813503742218018,-0.36400213837623596
132,30,-0.21488067507743835,0.15275192260742188,-0.36763259768486023
132,40,-0.22683201730251312,0.15260933339595795,-0.37944135069847107
133,0,-0.22852203249931335,0.15277627110481262,-0.381298303604126
133,10,-0.1588330715894699,0.20319275557994843,-0.36202582716941833
133,20,-0.2247411161661148,0.14653484523296356,-0.37127596139907837
133,30,-0.19024839997291565,0.17484980821609497,-0.3650982081890106
133,40,-0.25491368770599365,0.11843259632587433,-0.3733462989330292
134,0,-0.23440171778202057,0.13931794464588165,-0.3737196624279022
134,10,-0.21586552262306213,0.16608276963233948,-0.3819482922554016
134,20,-0.21606303751468658,0.1529145985841751,-0.3689776360988617
134,30,-0.1579354852437973,0.2109968513250351,-0.3689323365688324
134,40,-0.20422405004501343,0.1664920151233673,-0.37071606516838074
135,0,-0.20931261777877808,0.17903849482536316,-0.38835111260414124
135,10,-0.24597205221652985,0.12961889803409576,-0.3755909502506256
135,20,-0.2267397940158844,0.14627036452293396,-0.37301015853881836
135,30,-0.2060316801071167,0.16429704427719116,-0.37032872438430786
135,40,-0.22194448113441467,0.1474415361881256,-0.3693860173225403
136,0,-0.2060679793357849,0.17362096905708313,-0.37968894839286804
136,10,-0.21646800637245178,0.14961662888526917,-0.36608463525772095
136,20,-0.2382107675075531,0.1297612190246582,-0.3679719865322113
136,30,-0.2284538596868515,0.15304650366306305,-0.38150036334991455
136,40,-0.2087976634502411,0.16712555289268494,-0.375923216342926
137,0,-0.22351109981536865,0.15742835402488708,-0.38093945384025574
137,10,-0.19053864479064941,0.18630608916282654,-0.37684473395347595
137,20,-0.2186567336320877,0.1496998816728592,-0.3683566153049469
137,30,-0.2357209175825119,0.15449558198451996,-0.39021649956703186
137,40,-0.24392925202846527,0.13545404374599457,-0.37938329577445984
138,0,-0.2196703851222992,0.15419432520866394,-0.37386471033096313
138,10,-0.23032888770103455,0.1417074203491211,-0.37203630805015564
138,20,-0.2701336741447449,0.1289246380329132,-0.3990583121776581
138,30,-0.23464998602867126,0.14494600892066956,-0.3795959949493408
138,40,-0.24747581779956818,0.1340559870004654,-0.38153180480003357
139,0,-0.2378114014863968,0.15552057325839996,-0.39333197474479675
139,10,-0.19532763957977295,0.18537276983261108,-0.38070040941238403
139,20,-0.20141443610191345,0.1792144775390625,-0.38062891364097595
139,30,-0.23307795822620392,0.14527367055416107,-0.378351628780365
139,40,-0.1951822191476822,0.1776202768087387,-0.3728024959564209
140,0,-0.22366639971733093,0.15752819180488586,-0.3811945915222168
140,10,-0.2334805279970169,0.1435273438692093,-0.3770078718662262
140,20,-0.18476369976997375,0.18921077251434326,-0.373974472284317
140,30,-0.21444246172904968,0.16699263453483582,-0.3814350962638855
140,40,-0.1622321456670761,0.20897136628627777,-0.3712035119533539
141,0,-0.2510889172554016,0.1356646567583084,-0.3867535889148712
141,10,-0.2138475924730301,0.14929617941379547,-0.36314377188682556
141,20,-0.1969359666109085,0.17198266088962555,-0.36891862750053406
141,30,-0.17166796326637268,0.1931423544883728,-0.3648103177547455
141,40,-0.23394237458705902,0.13943518698215485,-0.37337756156921387
142,0,-0.25896939635276794,0.11310482025146484,-0.3720742166042328
142,10,-0.23169292509555817,0.15477199852466583,-0.386464923620224
142,20,-0.21253880858421326,0.15380162000656128,-0.36634042859077454
142,30,-0.26402679085731506,0.11621268838644028,-0.38023948669433594
142,40,-0.2627038359642029,0.12568823993206024,-0.38839206099510193
143,0,-0.28320419788360596,0.11860714107751846,-0.4018113315105438
143,10,-0.23208898305892944,0.1467311680316925,-0.37882015109062195
143,20,-0.21153470873832703,0.1784401535987854,-0.3899748623371124
143,30,-0.22858794033527374,0.14826668798923492,-0.37685462832450867
143,40,-0.2545430660247803,0.13013939559459686,-0.38468247652053833
144,0,-0.25849995017051697,0.12382009625434875,-0.3823200464248657
144,10,-0.2841087281703949,0.09556671977043152,-0.3796754479408264
144,20,-0.25970202684402466,0.1253139227628708,-0.38501593470573425
144,30,-0.17609651386737823,0.1922062188386917,-0.36830273270606995
144,40,-0.26046526432037354,0.11710567772388458,-0.3775709271430969
145,0,-0.26343387365341187,0.11915091425180435,-0.3825847804546356
145,10,-0.20370681583881378,0.17077438533306122,-0.374481201171875
145,20,-0.26529139280319214,0.11139939725399017,-0.3766907751560211
145,30,-0.2388802319765091,0.1370626837015152,-0.3759429156780243
145,40,-0.22356022894382477,0.16016383469104767,-0.38372406363487244
146,0,-0.2620183825492859,0.12292967736721039,-0.38494807481765747
146,10,-0.266692578792572,0.1328015923500061,-0.3994941711425781
146,20,-0.2486545443534851,0.1388619840145111,-0.3875165283679962
146,30,-0.19341404736042023,0.17355908453464508,-0.3669731318950653
146,40,-0.25656062364578247,0.12647828459739685,-0.3830389082431793
147,0,-0.23263263702392578,0.15105774998664856,-0.38369038701057434
147,10,-0.2662051022052765,0.1235138475894928,-0.3897189497947693
147,20,-0.25892043113708496,0.11739464104175568,-0.37631508708000183
147,30,-0.2572348713874817,0.11695988476276398,-0.37419477105140686
147,40,-0.23909805715084076,0.12748704850673676,-0.3665851056575775
148,0,-0.2700066566467285,0.11662997305393219,-0.3866366147994995
148,10,-0.26655998826026917,0.1252231001853943,-0.39178308844566345
148,20,-0.23577924072742462,0.1461334377527237,-0.3819126784801483
148,30,-0.24680282175540924,0.12673933804035187,-0.3735421597957611
148,40,-0.2663966715335846,0.11877316236495972,-0.3851698338985443
149,0,-0.2308894693851471,0.13662976026535034,-0.36751922965049744
149,10,-0.20818999409675598,0.17521095275878906,-0.38340094685554504
149,20,-0.26966866850852966,0.10521531105041504,-0.3748839795589447
149,30,-0.2001524418592453,0.1811443716287613,-0.3812968134880066
149,40,-0.27669787406921387,0.1102607250213623,-0.38695859909057617
150,0,-0.24113456904888153,0.1383069008588791,-0.3794414699077606
150,10,-0.2582332193851471,0.12400564551353455,-0.38223886489868164
150,20,-0.2491079717874527,0.13363318145275116,-0.38274115324020386
150,30,-0.27262747287750244,0.11288322508335114,-0.3855106830596924
150,40,-0.2601499557495117,0.12787966430187225,-0.38802963495254517
151,0,-0.21767304837703705,0.1564493626356125,-0.37412241101264954
151,10,-0.2522416114807129,0.12176165729761124,-0.37400326132774353
151,20,-0.27355238795280457,0.1170181855559349,-0.39057058095932007
151,30,-0.26252877712249756,0.12405216693878174,-0.3865809440612793
151,40,-0.2686144709587097,0.12698319554328918,-0.3955976665019989
152,0,-0.2535591423511505,0.13714253902435303,-0.39070168137550354
152,10,-0.2421620488166809,0.13196641206741333,-0.37412846088409424
152,20,-0.256057471036911,0.12402547150850296,-0.3800829350948334
152,30,-0.2544453740119934,0.1295650452375412,-0.3840104341506958
152,40,-0.2848615348339081,0.10332291573286057,-0.38818445801734924
153,0,-0.24811767041683197,0.12767909467220306,-0.37579676508903503
153,10,-0.24608199298381805,0.13834570348262787,-0.3844276964664459
153,20,-0.27546679973602295,0.10298760235309601,-0.37845438718795776
153,30,-0.27816927433013916,0.1133703663945198,-0.39153963327407837
153,40,-0.26653727889060974,0.12112367153167725,-0.387660950422287
154,0,-0.264061838388443,0.12612569332122803,-0.390187531709671
154,10,-0.24749742448329926,0.13358525931835175,-0.381082683801651
154,20,-0.30732837319374084,0.09397942572832108,-0.4013077914714813
154,30,-0.25995656847953796,0.12489926815032959,-0.38485583662986755
154,40,-0.26437368988990784,0.1154232993721962,-0.37979698181152344
155,0,-0.23836778104305267,0.12974487245082855,-0.3681126534938812
155,10,-0.2446659803390503,0.14151108264923096,-0.38617706298828125
155,20,-0.29287615418434143,0.09964483976364136,-0.3925209939479828
155,30,-0.23021826148033142,0.1476900279521942,-0.37790828943252563
155,40,-0.24303242564201355,0.13986501097679138,-0.38289743661880493
156,0,-0.2345210611820221,0.14172595739364624,-0.37624701857566833
156,10,-0.2979605793952942,0.08927983790636063,-0.3872404098510742
156,20,-0.283393919467926,0.1074373871088028,-0.39083132147789
156,30,-0.2674838602542877,0.11348453909158707,-0.3809683918952942
156,40,-0.2929314374923706,0.09077003598213196,-0.38370147347450256
157,0,-0.2984396517276764,0.0936458483338356,-0.3920854926109314
157,10,-0.28128471970558167,0.10321685671806335,-0.384501576423645
157,20,-0.23718270659446716,0.15118086338043213,-0.3883635699748993
157,30,-0.25694990158081055,0.13341864943504333,-0.3903685510158539
157,40,-0.2559572458267212,0.12987035512924194,-0.38582760095596313
158,0,-0.26354050636291504,0.1297464221715927,-0.39328691363334656
158,10,-0.2668493986129761,0.11959023773670197,-0.38643965125083923
158,20,-0.24444352090358734,0.1422296017408371,-0.38667312264442444
158,30,-0.25906771421432495,0.13258056342601776,-0.3916482925415039
158,40,-0.2451491802930832,0.13521046936511993,-0.3803596496582031
159,0,-0.24922838807106018,0.13808193802833557,-0.38731032609939575
159,10,-0.29624083638191223,0.09540029615163803,-0.39164113998413086
159,20,-0.2788093686103821,0.10287333279848099,-0.38168269395828247
159,30,-0.29336702823638916,0.10652132332324982,-0.39988836646080017
159,40,-0.23014329373836517,0.147307351231575,-0.3774506449699402
160,0,-0.25897470116615295,0.12547799944877625,-0.3844527006149292
160,10,-0.25068891048431396,0.1328161209821701,-0.3835050165653229
160,20,-0.2559404969215393,0.12527605891227722,-0.38121655583381653
160,30,-0.27776917815208435,0.11909323185682297,-0.3968624174594879
160,40,-0.2687591314315796,0.12060044705867767,-0.38935956358909607
161,0,-0.2744918167591095,0.11144386976957321,-0.3859356939792633
161,10,-0.2781507074832916,0.10114430636167526,-0.3792950212955475
161,20,-0.2490496039390564,0.14291194081306458,-0.39196154475212097
161,30,-0.2704060673713684,0.12131436169147491,-0.39172041416168213
161,40,-0.25777381658554077,0.12889041006565094,-0.3866642117500305
162,0,-0.2894970774650574,0.10792951285839081,-0.397426575422287
162,10,-0.2645828425884247,0.1226181611418724,-0.3872010111808777
162,20,-0.29392388463020325,0.10346174240112305,-0.3973856270313263
162,30,-0.2663581967353821,0.11792752891778946,-0.38428571820259094
162,40,-0.25294530391693115,0.1349555104970932,-0.38790082931518555
163,0,-0.26293253898620605,0.12412606179714203,-0.3870585858821869
163,10,-0.27140647172927856,0.12014319002628326,-0.391549676656723
163,20,-0.2347213327884674,0.14937534928321838,-0.3840966820716858
163,30,-0.2514876127243042,0.13657410442829132,-0.3880617320537567
163,40,-0.2997157573699951,0.10531686246395111,-0.4050326347351074
164,0,-0.2877257168292999,0.09859221428632736,-0.3863179385662079
164,10,-0.28933727741241455,0.09591279923915863,-0.3852500915527344
164,20,-0.2450072318315506,0.15779151022434235,-0.40279874205589294
164,30,-0.22850051522254944,0.15265777707099915,-0.3811582922935486
164,40,-0.27596810460090637,0.10538080334663391,-0.3813489079475403
165,0,-0.28268834948539734,0.09251024574041367,-0.3751986026763916
165,10,-0.2173953503370285,0.1681891232728958,-0.3855844736099243
165,20,-0.24520789086818695,0.12599514424800873,-0.3712030351161957
165,30,-0.26001209020614624,0.1340511292219162,-0.39406320452690125
165,40,-0.2819777727127075,0.10723808407783508,-0.3892158567905426
166,0,-0.2421361654996872,0.1343357414007187,-0.3764719069004059
166,10,-0.28961703181266785,0.09825814515352249,-0.38787516951560974
166,20,-0.21408209204673767,0.1708076000213623,-0.3848896920681
166,30,-0.27640432119369507,0.11018886417150497,-0.38659319281578064
166,40,-0.2552345097064972,0.1191372275352478,-0.374371737241745
167,0,-0.26524072885513306,0.11930771172046661,-0.38454845547676086
167,10,-0.2649837136268616,0.10753466188907623,-0.3725183606147766
167,20,-0.28615260124206543,0.10606822371482849,-0.3922208249568939
167,30,-0.26932138204574585,0.12561266124248505,-0.3949340283870697
167,40,-0.29116591811180115,0.10752368718385696,-0.3986895978450775
168,0,-0.21973146498203278,0.1635516732931137,-0.3832831382751465
168,10,-0.28581804037094116,0.10491352528333664,-0.3907315731048584
168,20,-0.2757558524608612,0.11887052655220032,-0.3946263790130615
168,30,-0.28618380427360535,0.10293206572532654,-0.3891158699989319
168,40,-0.2635219991207123,0.11629075556993484,-0.37981274724006653
169,0,-0.27060022950172424,0.1104695200920105,-0.38106974959373474
169,10,-0.2585890293121338,0.1327124536037445,-0.3913014829158783
169,20,-0.2664869427680969,0.1264989823102951,-0.39298591017723083
169,30,-0.2536243200302124,0.13067491352558136,-0.38429924845695496
169,40,-0.25232750177383423,0.11931580305099487,-0.3716433048248291
170,0,-0.2650056481361389,0.10845641046762466,-0.373462051153183
170,10,-0.25330397486686707,0.13607430458068848,-0.38937827944755554
170,20,-0.28197169303894043,0.113639697432518,-0.39561137557029724
170,30,-0.24682191014289856,0.14000290632247925,-0.3868248164653778
170,40,-0.2510492205619812,0.12589846551418304,-0.37694767117500305
171,0,-0.2886963188648224,0.09839076548814774,-0.3870870769023895
171,10,-0.2576711177825928,0.12809313833713531,-0.3857642710208893
171,20,-0.27075842022895813,0.11072039604187012,-0.38147881627082825
171,30,-0.26519376039505005,0.11780254542827606,-0.3829962909221649
171,40,-0.2685302495956421,0.12248192727565765,-0.39101216197013855
172,0,-0.26043546199798584,0.12209951132535934,-0.3825349807739258
172,10,-0.28381121158599854,0.10571488738059998,-0.3895260989665985
172,20,-0.30594801902770996,0.08110751211643219,-0.38705554604530334
172,30,-0.2791801989078522,0.11734640598297119,-0.39652660489082336
172,40,-0.24840028584003448,0.1328386515378952,-0.3812389373779297
173,0,-0.2966066002845764,0.09612761437892914,-0.39273419976234436
173,10,-0.2616981863975525,0.11906749755144119,-0.3807656764984131
173,20,-0.3150160312652588,0.0807589590549469,-0.3957749903202057
173,30,-0.29127171635627747,0.09894663095474243,-0.3902183473110199
173,40,-0.24210630357265472,0.14271341264247894,-0.38481971621513367
174,0,-0.2727063000202179,0.11308234184980392,-0.3857886493206024
174,10,-0.2574807405471802,0.13287051022052765,-0.390351265668869
174,20,-0.2859809994697571,0.10490909963846207,-0.39089009165763855
174,30,-0.28650110960006714,0.09827807545661926,-0.3847791850566864
174,40,-0.29067641496658325,0.10222975164651871,-0.39290615916252136
175,0,-0.2857162356376648,0.10464679449796677,-0.39036303758621216
175,10,-0.3001665472984314,0.09803953766822815,-0.39820608496665955
175,20,-0.27022862434387207,0.11173997074365616,-0.38196858763694763
175,30,-0.25962042808532715,0.13300670683383942,-0.39262714982032776
175,40,-0.27245089411735535,0.11445372551679611,-0.38690462708473206
176,0,-0.23440109193325043,0.1436546891927719,-0.37805578112602234
176,10,-0.25712013244628906,0.12900586426258087,-0.38612601161003113
176,20,-0.28297752141952515,0.11017774790525436,-0.3931552767753601
176,30,-0.24981869757175446,0.13303853571414948,-0.38285723328590393
176,40,-0.29358935356140137,0.09954943507909775,-0.3931387960910797
177,0,-0.27568942308425903,0.11788710951805115,-0.3935765326023102
177,10,-0.26382651925086975,0.1312689185142517,-0.39509543776512146
177,20,-0.2979829013347626,0.10113328695297241,-0.399116188287735
177,30,-0.31078147888183594,0.08070982247591019,-0.3914912939071655
177,40,-0.26768627762794495,0.11873625963926315,-0.3864225447177887
178,0,-0.2640111744403839,0.11889201402664185,-0.38290318846702576
178,10,-0.26521459221839905,0.11993258446455002,-0.38514718413352966
178,20,-0.2752729058265686,0.11541511863470078,-0.39068803191185
178,30,-0.27737176418304443,0.09709591418504715,-0.374467670917511
178,40,-0.268664687871933,0.11435429006814957,-0.38301897048950195
179,0,-0.2842542231082916,0.09688225388526917,-0.3811364769935608
179,10,-0.25758153200149536,0.11944685876369476,-0.37702837586402893
179,20,-0.3021368086338043,0.08654467016458511,-0.38868147134780884
179,30,-0.27773240208625793,0.12428408116102219,-0.4020164906978607
179,40,-0.2689194083213806,0.11931676417589188,-0.3882361650466919
180,0,-0.2974628508090973,0.08741240948438644,-0.38487526774406433
180,10,-0.28455671668052673,0.10704970359802246,-0.3916064202785492
180,20,-0.29114603996276855,0.09989266842603683,-0.391038715839386
180,30,-0.27110013365745544,0.1097542941570282,-0.38085442781448364
180,40,-0.24369876086711884,0.15374906361103058,-0.3974478244781494
181,0,-0.32178086042404175,0.08641637861728668,-0.40819722414016724
181,10,-0.274094820022583,0.10174696147441864,-0.37584179639816284
181,20,-0.27762436866760254,0.10406436771154404,-0.3816887438297272
181,30,-0.26949483156204224,0.11397819221019745,-0.3834730088710785
181,40,-0.2872312664985657,0.09617187827825546,-0.38340315222740173
182,0,-0.2894095182418823,0.09558899700641632,-0.38499853014945984
182,10,-0.2632667124271393,0.12757059931755066,-0.39083731174468994
182,20,-0.26337429881095886,0.13697046041488647,-0.40034475922584534
182,30,-0.271464467048645,0.11561046540737152,-0.38707494735717773
182,40,-0.2760576605796814,0.10726438462734222,-0.3833220601081848
183,0,-0.2976285219192505,0.09420175850391388,-0.3918302655220032
183,10,-0.27470579743385315,0.11643686145544052,-0.39114266633987427
183,20,-0.2741599380970001,0.10569384694099426,-0.3798537850379944
183,30,-0.25270161032676697,0.12883460521697998,-0.38153621554374695
183,40,-0.2718978822231293,0.10868798941373825,-0.3805858790874481
184,0,-0.2574447989463806,0.13487139344215393,-0.39231619238853455
184,10,-0.24981831014156342,0.13047312200069427,-0.3802914321422577
184,20,-0.2846747636795044,0.11108439415693283,-0.3957591652870178
184,30,-0.29030224680900574,0.09161830693483353,-0.38192054629325867
184,40,-0.20628051459789276,0.18396230041980743,-0.3902428150177002
185,0,-0.20967881381511688,0.16198627650737762,-0.3716650903224945
185,10,-0.27982276678085327,0.10289826989173889,-0.38272103667259216
185,20,-0.2516555190086365,0.13156689703464508,-0.38322240114212036
185,30,-0.2806250751018524,0.088478684425354,-0.3691037595272064
185,40,-0.2432222217321396,0.14462678134441376,-0.38784900307655334
186,0,-0.29264575242996216,0.1028522476553917,-0.39549800753593445
186,10,-0.2642126679420471,0.12199118733406067,-0.3862038552761078
186,20,-0.25787585973739624,0.13158203661441803,-0.38945791125297546
186,30,-0.281466543674469,0.11518658697605133,-0.3966531455516815
186,40,-0.28617483377456665,0.09415368735790253,-0.380328506231308
187,0,-0.2833205461502075,0.09792039543390274,-0.38124093413352966
187,10,-0.25718459486961365,0.12647917866706848,-0.38366377353668213
187,20,-0.23830263316631317,0.14101560413837433,-0.3793182373046875
187,30,-0.2823367118835449,0.11282703280448914,-0.39516374468803406
187,40,-0.23996250331401825,0.13174153864383698,-0.3717040419578552
188,0,-0.2671555280685425,0.11696972697973251,-0.3841252624988556
188,10,-0.259208083152771,0.12669038772583008,-0.3858984708786011
188,20,-0.28413456678390503,0.09994913637638092,-0.38408371806144714
188,30,-0.24447709321975708,0.13355952501296997,-0.37803661823272705
188,40,-0.2961612343788147,0.08894243091344833,-0.38510367274284363
189,0,-0.25788414478302,0.12370936572551727,-0.3815935254096985
189,10,-0.24066904187202454,0.1372288465499878,-0.37789788842201233
189,20,-0.26237010955810547,0.1207946389913559,-0.38316473364830017
189,30,-0.28609561920166016,0.09580988436937332,-0.3819054961204529
189,40,-0.27233731746673584,0.11821334064006805,-0.3905506432056427
190,0,-0.2938418388366699,0.09330954402685165,-0.3871513903141022
190,10,-0.27157869935035706,0.12315541505813599,-0.39473411440849304
190,20,-0.2621578574180603,0.12324465811252594,-0.38540253043174744
190,30,-0.23901931941509247,0.1335340291261673,-0.37255334854125977
190,40,-0.22788631916046143,0.15638545155525208,-0.3842717707157135
191,0,-0.26369377970695496,0.11742221564054489,-0.38111600279808044
191,10,-0.30170536041259766,0.0961356982588768,-0.39784106612205505
191,20,-0.23408441245555878,0.14657144248485565,-0.38065585494041443
191,30,-0.2763304114341736,0.11290629208087921,-0.3892366886138916
191,40,-0.2580690383911133,0.11940541118383408,-0.37747445702552795
192,0,-0.3160606026649475,0.06817000359296799,-0.3842306137084961
192,10,-0.2684551775455475,0.11773401498794556,-0.38618919253349304
192,20,-0.26824790239334106,0.1121855303645134,-0.38043344020843506
192,30,-0.27018412947654724,0.11170720309019089,-0.3818913400173187
192,40,-0.2595093250274658,0.12748651206493378,-0.3869958519935608
193,0,-0.25123411417007446,0.12575297057628632,-0.3769870698451996
193,10,-0.25276005268096924,0.12203831970691681,-0.37479835748672485
193,20,-0.2960895299911499,0.09760235249996185,-0.39369189739227295
193,30,-0.2813546061515808,0.11052648723125458,-0.3918810784816742
193,40,-0.2656901180744171,0.12149982899427414,-0.38718995451927185
194,0,-0.24580451846122742,0.1429845094680786,-0.38878902792930603
194,10,-0.2637973427772522,0.11594478785991669,-0.3797421455383301
194,20,-0.2687145173549652,0.1141095831990242,-0.3828240931034088
194,30,-0.277931272983551,0.10110302269458771,-0.37903428077697754
194,40,-0.291883260011673,0.09659653902053833,-0.3884797990322113
195,0,-0.2670634388923645,0.11944954097270966,-0.38651299476623535
195,10,-0.274600625038147,0.11642740666866302,-0.3910280168056488
195,20,-0.279080867767334,0.10652492195367813,-0.3856057822704315
195,30,-0.25616925954818726,0.1338525265455246,-0.39002180099487305
195,40,-0.260714590549469,0.1230638176202774,-0.3837783932685852
196,0,-0.26141515374183655,0.11844736337661743,-0.379862517118454
196,10,-0.2751782238483429,0.1092434823513031,-0.384421706199646
196,20,-0.26011142134666443,0.12741327285766602,-0.38752469420433044
196,30,-0.283469021320343,0.09742604196071625,-0.38089504837989807
196,40,-0.27184030413627625,0.1230926513671875,-0.39493295550346375
197,0,-0.28625357151031494,0.10406054556369781,-0.39031410217285156
197,10,-0.3147382140159607,0.06941019743680954,-0.38414841890335083
197,20,-0.2525745630264282,0.1370973289012909,-0.3896718919277191
197,30,-0.2721090316772461,0.10665324330329895,-0.37876227498054504
197,40,-0.3139188587665558,0.08897846937179565,-0.40289732813835144
198,0,-0.261173278093338,0.1301085352897644,-0.3912818133831024
198,10,-0.2567295730113983,0.13222038745880127,-0.3889499604701996
198,20,-0.28010883927345276,0.10619944334030151,-0.3863082826137543
198,30,-0.28600573539733887,0.10494299232959747,-0.39094874262809753
198,40,-0.2742626965045929,0.11156754940748215,-0.38583025336265564
199,0,-0.27119964361190796,0.10489756613969803,-0.3760972023010254
199,10,-0.258708119392395,0.12996070086956024,-0.38866880536079407
199,20,-0.2893359065055847,0.09774885326623917,-0.3870847523212433
199,30,-0.2652391791343689,0.1136866956949234,-0.3789258897304535
199,40,-0.23056639730930328,0.141094371676445,-0.3716607689857483
200,0,-0.28207623958587646,0.10511469841003418,-0.38719093799591064
200,10,-0.2720022201538086,0.11195056140422821,-0.3839527666568756
200,20,-0.25195878744125366,0.13040514290332794,-0.3823639154434204
200,30,-0.24556778371334076,0.1440577358007431,-0.38962551951408386
200,40,-0.2906070649623871,0.09492353349924088,-0.38553059101104736
